<?xml version="1.0" encoding="UTF-8" ?>
<!-- Copyright 2013 The MathWorks, Inc. -->
<config
    Name="NVIDIA CUDA Compiler"
    ShortName="nvcc"
    Manufacturer="NVIDIA"
    Version="6.5"
    Language="CUDA"
    Priority="A"
    Location="$NVCC" >
    <Details
        CompilerExecutable="$COMPILER"
        CompilerDefines="$COMPDEFINES"
        CompilerFlags="$COMPFLAGS"
        OptimizationFlags="$OPTIMFLAGS"
        DebugFlags="$DEBUGFLAGS"
        IncludeFlags="$INCLUDE"
        LinkerExecutable="$LINKER"
        LinkerFlags="$LINKFLAGS"
        LinkerLibraries="$LINKLIBS"
        LinkerOptimizationFlags="$LINKOPTIMFLAGS"
        LinkerDebugFlags="$LINKDEBUGFLAGS"
        CommandLineShell="$VCVARSALLDIR\VCVARSALL.BAT "
        CommandLineShellArg=" amd64 "
        CompilerDefineFormatter="--compiler-options=/D%s"
        LinkerLibrarySwitchFormatter="lib%s.lib;%s.lib"
        LinkerPathFormatter="/LIBPATH:%s"
        LibrarySearchPath="$$LIB;$$LIBPATH;$$PATH;$$INCLUDE;$MATLABROOT\extern\lib\$ARCH\microsoft"
    />
    <!-- Switch guide: http://msdn.microsoft.com/en-us/library/fwkeyyhe(v=vs.71).aspx -->
    <vars
          CMDLINE100="$COMPILER -c $COMPFLAGS $OPTIM $COMPDEFINES $INCLUDE $SRC -o $OBJ"
          CMDLINE200="$LINKER $LINKFLAGS $LINKTYPE $LINKOPTIM $LINKEXPORT $LINKLIBS $OBJS /out:$EXE"
          CMDLINE250="mt -outputresource:$EXE;2 -manifest $MANIFEST"
          CMDLINE300="del $OBJ $EXP $LIB $MANIFEST $ILK"
          
          COMPILER="nvcc"
          COMPFLAGS="-gencode=arch=compute_20,code=sm_20 -gencode=arch=compute_30,code=&#92;&quot;sm_30,compute_30&#92;&quot; --compiler-options=/c,/GR,/W3,/EHs,/nologo,/MD"
          COMPDEFINES="--compiler-options=/D_CRT_SECURE_NO_DEPRECATE,/D_SCL_SECURE_NO_DEPRECATE,/D_SECURE_SCL=0,$MATLABMEX"
          MATLABMEX="/DMATLAB_MEX_FILE"
          OPTIMFLAGS="--compiler-options=/O2,/Oy-,/DNDEBUG"
          INCLUDE="-I&quot;$MATLABROOT\extern\include&quot; -I&quot;$MATLABROOT\simulink\include&quot;"
          DEBUGFLAGS="--compiler-options=/Z7"

          LINKER="link"
          LINKFLAGS="/nologo /manifest"
          LINKTYPE="/DLL "
          LINKEXPORT="/EXPORT:mexFunction"
          LINKLIBS="/LIBPATH:&quot;$MATLABROOT\extern\lib\$ARCH\microsoft&quot; libmx.lib libmex.lib libmat.lib gpu.lib cudart.lib kernel32.lib user32.lib gdi32.lib winspool.lib comdlg32.lib advapi32.lib shell32.lib  ole32.lib oleaut32.lib uuid.lib odbc32.lib odbccp32.lib"
          LINKDEBUGFLAGS="/debug /PDB:&quot;$TEMPNAME$LDEXT.pdb&quot;"
          LINKOPTIMFLAGS=""
          OBJEXT=".obj"
          LDEXT=".mexw64"
          SETENV="set COMPILER=$COMPILER 
                  set COMPFLAGS=$COMPFLAGS $COMPDEFINES 
                  set OPTIMFLAGS=$OPTIMFLAGS 
                  set DEBUGFLAGS=$DEBUGFLAGS 
                  set LINKER=$LINKER 
                  set LINKFLAGS=$LINKFLAGS /export:%ENTRYPOINT% $LINKTYPE $LINKLIBS $LINKEXPORT 
                  set LINKDEBUGFLAGS=/debug /PDB:&quot;%OUTDIR%%MEX_NAME%$LDEXT.pdb&quot; 
                  set NAME_OUTPUT=/out:&quot;%OUTDIR%%MEX_NAME%%MEX_EXT%&quot;"
    />
    <locationFinder>
        <VSROOT>
            <and>
                <envVarExists name="VS100COMNTOOLS" />
                <fileExists name="$$\..\..\VC\bin\amd64\cl.exe" />
                <dirExists name="$$\..\..\.." />
            </and>
        </VSROOT>
        <SDKROOT>
            <and>
				<hklmExists path="SOFTWARE\Microsoft\Microsoft SDKs\Windows\v7.0" name="InstallationFolder" />
            </and>
        </SDKROOT>
        <PROF_ENV>
            <and>
                <envVarExists name="VS100COMNTOOLS" />
                <fileExists name="$$\..\IDE\devenv.exe" />
                <not>
                    <fileExists name="$$\..\IDE\VCExpress.exe" />
                </not>
            </and>
        </PROF_ENV>
        <VCVARSALLDIR>
            <and>
                <envVarExists name="VS100COMNTOOLS" />
                <fileExists name="$$\..\..\VC\vcvarsall.bat" />
                <dirExists name="$$"/>
            </and>
        </VCVARSALLDIR>
        <CUDA_LIB_PATH>
            <or>
              <and>
                <envVarExists name="CUDA_LIB_PATH"/>
                <fileExists name="$$\cudart.lib" />
                <dirExists name="$$" />
              </and>
              <and>
                <envVarExists name="CUDA_PATH"/>
                <fileExists name="$$\lib\x64\cudart.lib" />
                <dirExists name="$$" />
              </and>
            </or>
        </CUDA_LIB_PATH>
        <CUDA_BIN_PATH>
            <or>
                <and>
                    <envVarExists name="CUDA_BIN_PATH"/>
                    <fileExists name="$$\nvcc.exe" />
                    <dirExists name="$$" />
                </and>
                <and>
                    <envVarExists name="CUDA_PATH"/>
                    <fileExists name="$$\bin\nvcc.exe" />
                    <dirExists name="$$" />
                </and>
                <and>
                    <envVarExists name="MW_NVCC_PATH"/>
                    <fileExists name="$$\nvcc.exe" />
                    <dirExists name="$$" />
                </and>
                <and>
                  <fileExists name="C:\Program Files\NVIDIA GPU Computing Toolkit\CUDA\v6.5\bin\nvcc.exe" />
                  <dirExists name="$$" />
                </and>
            </or>
        </CUDA_BIN_PATH>
    </locationFinder>
    <env
        PATH="$CUDA_BIN_PATH;$VSROOT\VC\Bin\amd64;$VSROOT\VC\Bin\VCPackages;$VSROOT\Common7\IDE;$VSROOT\Common7\Tools;$VSROOT\Common7\Tools\bin;$SDKROOT\Bin\x64;$SDKROOT\Bin\win64\x64;$SDKROOT\Bin;$PATH"
        INCLUDE="$VSROOT\VC\ATLMFC\INCLUDE;$VSROOT\VC\INCLUDE;$SDKROOT\include;$MATLABROOT\extern\include;$MATLABROOT\toolbox\distcomp\gpu\extern\include"
        LIB="$VSROOT\VC\ATLMFC\LIB\amd64;$VSROOT\VC\Lib\amd64;$SDKROOT\Lib\X64;$MATLABROOT\lib\$ARCH;$CUDA_LIB_PATH"
        LIBPATH="&quot;$VSROOT\VC\Lib\amd64&quot;"
    />
</config>
